timestamp,method,image_id,runtime_sec,image_path,output_path
2026-06-30 14:54:50,canny,2007_000033,0.064512,data/processed/images/val/2007_000033.jpg,results/pred_binary/canny/2007_000033.png
2026-06-30 14:54:51,meanshift,2007_000033,1.238446,data/processed/images/val/2007_000033.jpg,results/pred_binary/meanshift/2007_000033.png
2026-06-30 14:54:52,slic,2007_000033,0.716229,data/processed/images/val/2007_000033.jpg,results/pred_binary/slic/2007_000033.png
2026-06-30 14:54:52,canny,2007_000042,0.005735,data/processed/images/val/2007_000042.jpg,results/pred_binary/canny/2007_000042.png
2026-06-30 14:54:53,meanshift,2007_000042,1.044928,data/processed/images/val/2007_000042.jpg,results/pred_binary/meanshift/2007_000042.png
2026-06-30 14:54:53,slic,2007_000042,0.214374,data/processed/images/val/2007_000042.jpg,results/pred_binary/slic/2007_000042.png
2026-06-30 14:54:53,canny,2007_000061,0.004820,data/processed/images/val/2007_000061.jpg,results/pred_binary/canny/2007_000061.png
2026-06-30 14:54:54,meanshift,2007_000061,0.871772,data/processed/images/val/2007_000061.jpg,results/pred_binary/meanshift/2007_000061.png
2026-06-30 14:54:54,slic,2007_000061,0.228532,data/processed/images/val/2007_000061.jpg,results/pred_binary/slic/2007_000061.png
2026-06-30 14:54:54,canny,2007_000123,0.005799,data/processed/images/val/2007_000123.jpg,results/pred_binary/canny/2007_000123.png
2026-06-30 14:54:56,meanshift,2007_000123,1.112776,data/processed/images/val/2007_000123.jpg,results/pred_binary/meanshift/2007_000123.png
2026-06-30 14:54:56,slic,2007_000123,0.244068,data/processed/images/val/2007_000123.jpg,results/pred_binary/slic/2007_000123.png
2026-06-30 14:54:56,canny,2007_000129,0.005660,data/processed/images/val/2007_000129.jpg,results/pred_binary/canny/2007_000129.png
2026-06-30 14:54:57,meanshift,2007_000129,1.212688,data/processed/images/val/2007_000129.jpg,results/pred_binary/meanshift/2007_000129.png
2026-06-30 14:54:57,slic,2007_000129,0.218083,data/processed/images/val/2007_000129.jpg,results/pred_binary/slic/2007_000129.png
2026-06-30 14:54:57,canny,2007_000175,0.015953,data/processed/images/val/2007_000175.jpg,results/pred_binary/canny/2007_000175.png
2026-06-30 14:54:59,meanshift,2007_000175,1.808844,data/processed/images/val/2007_000175.jpg,results/pred_binary/meanshift/2007_000175.png
2026-06-30 14:54:59,slic,2007_000175,0.220376,data/processed/images/val/2007_000175.jpg,results/pred_binary/slic/2007_000175.png
2026-06-30 14:54:59,canny,2007_000187,0.005976,data/processed/images/val/2007_000187.jpg,results/pred_binary/canny/2007_000187.png
2026-06-30 14:55:00,meanshift,2007_000187,0.776404,data/processed/images/val/2007_000187.jpg,results/pred_binary/meanshift/2007_000187.png
2026-06-30 14:55:00,slic,2007_000187,0.247981,data/processed/images/val/2007_000187.jpg,results/pred_binary/slic/2007_000187.png
2026-06-30 14:55:00,canny,2007_000323,0.005726,data/processed/images/val/2007_000323.jpg,results/pred_binary/canny/2007_000323.png
2026-06-30 14:55:01,meanshift,2007_000323,0.618603,data/processed/images/val/2007_000323.jpg,results/pred_binary/meanshift/2007_000323.png
2026-06-30 14:55:01,slic,2007_000323,0.250383,data/processed/images/val/2007_000323.jpg,results/pred_binary/slic/2007_000323.png
2026-06-30 14:55:01,canny,2007_000332,0.005704,data/processed/images/val/2007_000332.jpg,results/pred_binary/canny/2007_000332.png
2026-06-30 14:55:03,meanshift,2007_000332,1.776261,data/processed/images/val/2007_000332.jpg,results/pred_binary/meanshift/2007_000332.png
2026-06-30 14:55:03,slic,2007_000332,0.222752,data/processed/images/val/2007_000332.jpg,results/pred_binary/slic/2007_000332.png
2026-06-30 14:55:03,canny,2007_000346,0.011953,data/processed/images/val/2007_000346.jpg,results/pred_binary/canny/2007_000346.png
2026-06-30 14:55:04,meanshift,2007_000346,0.835872,data/processed/images/val/2007_000346.jpg,results/pred_binary/meanshift/2007_000346.png
2026-06-30 14:55:04,slic,2007_000346,0.278592,data/processed/images/val/2007_000346.jpg,results/pred_binary/slic/2007_000346.png
2026-06-30 14:55:04,canny,2007_000452,0.008110,data/processed/images/val/2007_000452.jpg,results/pred_binary/canny/2007_000452.png
2026-06-30 14:55:05,meanshift,2007_000452,0.431089,data/processed/images/val/2007_000452.jpg,results/pred_binary/meanshift/2007_000452.png
2026-06-30 14:55:05,slic,2007_000452,0.269861,data/processed/images/val/2007_000452.jpg,results/pred_binary/slic/2007_000452.png
2026-06-30 14:55:05,canny,2007_000464,0.005897,data/processed/images/val/2007_000464.jpg,results/pred_binary/canny/2007_000464.png
2026-06-30 14:55:06,meanshift,2007_000464,0.574222,data/processed/images/val/2007_000464.jpg,results/pred_binary/meanshift/2007_000464.png
2026-06-30 14:55:06,slic,2007_000464,0.249742,data/processed/images/val/2007_000464.jpg,results/pred_binary/slic/2007_000464.png
2026-06-30 14:55:06,canny,2007_000491,0.005436,data/processed/images/val/2007_000491.jpg,results/pred_binary/canny/2007_000491.png
2026-06-30 14:55:07,meanshift,2007_000491,0.669168,data/processed/images/val/2007_000491.jpg,results/pred_binary/meanshift/2007_000491.png
2026-06-30 14:55:07,slic,2007_000491,0.200499,data/processed/images/val/2007_000491.jpg,results/pred_binary/slic/2007_000491.png
2026-06-30 14:55:07,canny,2007_000529,0.005669,data/processed/images/val/2007_000529.jpg,results/pred_binary/canny/2007_000529.png
2026-06-30 14:55:07,meanshift,2007_000529,0.524206,data/processed/images/val/2007_000529.jpg,results/pred_binary/meanshift/2007_000529.png
2026-06-30 14:55:08,slic,2007_000529,0.240847,data/processed/images/val/2007_000529.jpg,results/pred_binary/slic/2007_000529.png
2026-06-30 14:55:08,canny,2007_000559,0.005378,data/processed/images/val/2007_000559.jpg,results/pred_binary/canny/2007_000559.png
2026-06-30 14:55:09,meanshift,2007_000559,0.912660,data/processed/images/val/2007_000559.jpg,results/pred_binary/meanshift/2007_000559.png
2026-06-30 14:55:09,slic,2007_000559,0.253581,data/processed/images/val/2007_000559.jpg,results/pred_binary/slic/2007_000559.png
2026-06-30 14:55:09,canny,2007_000572,0.005009,data/processed/images/val/2007_000572.jpg,results/pred_binary/canny/2007_000572.png
2026-06-30 14:55:10,meanshift,2007_000572,0.828004,data/processed/images/val/2007_000572.jpg,results/pred_binary/meanshift/2007_000572.png
2026-06-30 14:55:10,slic,2007_000572,0.211298,data/processed/images/val/2007_000572.jpg,results/pred_binary/slic/2007_000572.png
2026-06-30 14:55:10,canny,2007_000629,0.004084,data/processed/images/val/2007_000629.jpg,results/pred_binary/canny/2007_000629.png
2026-06-30 14:55:11,meanshift,2007_000629,0.975971,data/processed/images/val/2007_000629.jpg,results/pred_binary/meanshift/2007_000629.png
2026-06-30 14:55:11,slic,2007_000629,0.135054,data/processed/images/val/2007_000629.jpg,results/pred_binary/slic/2007_000629.png
2026-06-30 14:55:11,canny,2007_000636,0.007546,data/processed/images/val/2007_000636.jpg,results/pred_binary/canny/2007_000636.png
2026-06-30 14:55:12,meanshift,2007_000636,1.088714,data/processed/images/val/2007_000636.jpg,results/pred_binary/meanshift/2007_000636.png
2026-06-30 14:55:12,slic,2007_000636,0.203144,data/processed/images/val/2007_000636.jpg,results/pred_binary/slic/2007_000636.png
2026-06-30 14:55:12,canny,2007_000661,0.005583,data/processed/images/val/2007_000661.jpg,results/pred_binary/canny/2007_000661.png
2026-06-30 14:55:13,meanshift,2007_000661,0.696490,data/processed/images/val/2007_000661.jpg,results/pred_binary/meanshift/2007_000661.png
2026-06-30 14:55:13,slic,2007_000661,0.253460,data/processed/images/val/2007_000661.jpg,results/pred_binary/slic/2007_000661.png
2026-06-30 14:55:13,canny,2007_000663,0.006598,data/processed/images/val/2007_000663.jpg,results/pred_binary/canny/2007_000663.png
2026-06-30 14:55:14,meanshift,2007_000663,1.168509,data/processed/images/val/2007_000663.jpg,results/pred_binary/meanshift/2007_000663.png
2026-06-30 14:55:15,slic,2007_000663,0.300082,data/processed/images/val/2007_000663.jpg,results/pred_binary/slic/2007_000663.png
2026-06-30 14:55:15,canny,2007_000676,0.005794,data/processed/images/val/2007_000676.jpg,results/pred_binary/canny/2007_000676.png
2026-06-30 14:55:16,meanshift,2007_000676,1.402196,data/processed/images/val/2007_000676.jpg,results/pred_binary/meanshift/2007_000676.png
2026-06-30 14:55:16,slic,2007_000676,0.257511,data/processed/images/val/2007_000676.jpg,results/pred_binary/slic/2007_000676.png
2026-06-30 14:55:16,canny,2007_000727,0.006380,data/processed/images/val/2007_000727.jpg,results/pred_binary/canny/2007_000727.png
2026-06-30 14:55:17,meanshift,2007_000727,0.843825,data/processed/images/val/2007_000727.jpg,results/pred_binary/meanshift/2007_000727.png
2026-06-30 14:55:18,slic,2007_000727,0.239799,data/processed/images/val/2007_000727.jpg,results/pred_binary/slic/2007_000727.png
2026-06-30 14:55:18,canny,2007_000762,0.005340,data/processed/images/val/2007_000762.jpg,results/pred_binary/canny/2007_000762.png
2026-06-30 14:55:19,meanshift,2007_000762,0.991758,data/processed/images/val/2007_000762.jpg,results/pred_binary/meanshift/2007_000762.png
2026-06-30 14:55:19,slic,2007_000762,0.261603,data/processed/images/val/2007_000762.jpg,results/pred_binary/slic/2007_000762.png
2026-06-30 14:55:19,canny,2007_000783,0.006062,data/processed/images/val/2007_000783.jpg,results/pred_binary/canny/2007_000783.png
2026-06-30 14:55:21,meanshift,2007_000783,1.839644,data/processed/images/val/2007_000783.jpg,results/pred_binary/meanshift/2007_000783.png
2026-06-30 14:55:21,slic,2007_000783,0.310271,data/processed/images/val/2007_000783.jpg,results/pred_binary/slic/2007_000783.png
2026-06-30 14:55:21,canny,2007_000799,0.009284,data/processed/images/val/2007_000799.jpg,results/pred_binary/canny/2007_000799.png
2026-06-30 14:55:22,meanshift,2007_000799,0.946846,data/processed/images/val/2007_000799.jpg,results/pred_binary/meanshift/2007_000799.png
2026-06-30 14:55:22,slic,2007_000799,0.330423,data/processed/images/val/2007_000799.jpg,results/pred_binary/slic/2007_000799.png
2026-06-30 14:55:22,canny,2007_000804,0.005427,data/processed/images/val/2007_000804.jpg,results/pred_binary/canny/2007_000804.png
2026-06-30 14:55:23,meanshift,2007_000804,0.745620,data/processed/images/val/2007_000804.jpg,results/pred_binary/meanshift/2007_000804.png
2026-06-30 14:55:23,slic,2007_000804,0.224261,data/processed/images/val/2007_000804.jpg,results/pred_binary/slic/2007_000804.png
2026-06-30 14:55:23,canny,2007_000830,0.004953,data/processed/images/val/2007_000830.jpg,results/pred_binary/canny/2007_000830.png
2026-06-30 14:55:24,meanshift,2007_000830,0.554347,data/processed/images/val/2007_000830.jpg,results/pred_binary/meanshift/2007_000830.png
2026-06-30 14:55:24,slic,2007_000830,0.249717,data/processed/images/val/2007_000830.jpg,results/pred_binary/slic/2007_000830.png
2026-06-30 14:55:24,canny,2007_000837,0.004888,data/processed/images/val/2007_000837.jpg,results/pred_binary/canny/2007_000837.png
2026-06-30 14:55:24,meanshift,2007_000837,0.315802,data/processed/images/val/2007_000837.jpg,results/pred_binary/meanshift/2007_000837.png
2026-06-30 14:55:25,slic,2007_000837,0.160849,data/processed/images/val/2007_000837.jpg,results/pred_binary/slic/2007_000837.png
2026-06-30 14:55:25,canny,2007_000847,0.010823,data/processed/images/val/2007_000847.jpg,results/pred_binary/canny/2007_000847.png
2026-06-30 14:55:26,meanshift,2007_000847,1.039099,data/processed/images/val/2007_000847.jpg,results/pred_binary/meanshift/2007_000847.png
2026-06-30 14:55:26,slic,2007_000847,0.238985,data/processed/images/val/2007_000847.jpg,results/pred_binary/slic/2007_000847.png
2026-06-30 14:55:26,canny,2007_000862,0.003929,data/processed/images/val/2007_000862.jpg,results/pred_binary/canny/2007_000862.png
2026-06-30 14:55:26,meanshift,2007_000862,0.062858,data/processed/images/val/2007_000862.jpg,results/pred_binary/meanshift/2007_000862.png
2026-06-30 14:55:26,slic,2007_000862,0.264705,data/processed/images/val/2007_000862.jpg,results/pred_binary/slic/2007_000862.png
2026-06-30 14:55:26,canny,2007_000925,0.005192,data/processed/images/val/2007_000925.jpg,results/pred_binary/canny/2007_000925.png
2026-06-30 14:55:28,meanshift,2007_000925,1.332741,data/processed/images/val/2007_000925.jpg,results/pred_binary/meanshift/2007_000925.png
2026-06-30 14:55:28,slic,2007_000925,0.231026,data/processed/images/val/2007_000925.jpg,results/pred_binary/slic/2007_000925.png
2026-06-30 14:55:28,canny,2007_000999,0.006336,data/processed/images/val/2007_000999.jpg,results/pred_binary/canny/2007_000999.png
2026-06-30 14:55:28,meanshift,2007_000999,0.581872,data/processed/images/val/2007_000999.jpg,results/pred_binary/meanshift/2007_000999.png
2026-06-30 14:55:29,slic,2007_000999,0.244805,data/processed/images/val/2007_000999.jpg,results/pred_binary/slic/2007_000999.png
2026-06-30 14:55:29,canny,2007_001154,0.004984,data/processed/images/val/2007_001154.jpg,results/pred_binary/canny/2007_001154.png
2026-06-30 14:55:29,meanshift,2007_001154,0.448485,data/processed/images/val/2007_001154.jpg,results/pred_binary/meanshift/2007_001154.png
2026-06-30 14:55:29,slic,2007_001154,0.241727,data/processed/images/val/2007_001154.jpg,results/pred_binary/slic/2007_001154.png
2026-06-30 14:55:29,canny,2007_001175,0.006250,data/processed/images/val/2007_001175.jpg,results/pred_binary/canny/2007_001175.png
2026-06-30 14:55:31,meanshift,2007_001175,1.155637,data/processed/images/val/2007_001175.jpg,results/pred_binary/meanshift/2007_001175.png
2026-06-30 14:55:31,slic,2007_001175,0.239244,data/processed/images/val/2007_001175.jpg,results/pred_binary/slic/2007_001175.png
2026-06-30 14:55:31,canny,2007_001239,0.005076,data/processed/images/val/2007_001239.jpg,results/pred_binary/canny/2007_001239.png
2026-06-30 14:55:31,meanshift,2007_001239,0.597846,data/processed/images/val/2007_001239.jpg,results/pred_binary/meanshift/2007_001239.png
2026-06-30 14:55:32,slic,2007_001239,0.242421,data/processed/images/val/2007_001239.jpg,results/pred_binary/slic/2007_001239.png
2026-06-30 14:55:32,canny,2007_001284,0.005944,data/processed/images/val/2007_001284.jpg,results/pred_binary/canny/2007_001284.png
2026-06-30 14:55:33,meanshift,2007_001284,1.404247,data/processed/images/val/2007_001284.jpg,results/pred_binary/meanshift/2007_001284.png
2026-06-30 14:55:33,slic,2007_001284,0.235996,data/processed/images/val/2007_001284.jpg,results/pred_binary/slic/2007_001284.png
2026-06-30 14:55:33,canny,2007_001288,0.004572,data/processed/images/val/2007_001288.jpg,results/pred_binary/canny/2007_001288.png
2026-06-30 14:55:34,meanshift,2007_001288,0.446644,data/processed/images/val/2007_001288.jpg,results/pred_binary/meanshift/2007_001288.png
2026-06-30 14:55:34,slic,2007_001288,0.210434,data/processed/images/val/2007_001288.jpg,results/pred_binary/slic/2007_001288.png
2026-06-30 14:55:34,canny,2007_001289,0.004174,data/processed/images/val/2007_001289.jpg,results/pred_binary/canny/2007_001289.png
2026-06-30 14:55:34,meanshift,2007_001289,0.500299,data/processed/images/val/2007_001289.jpg,results/pred_binary/meanshift/2007_001289.png
2026-06-30 14:55:35,slic,2007_001289,0.195538,data/processed/images/val/2007_001289.jpg,results/pred_binary/slic/2007_001289.png
2026-06-30 14:55:35,canny,2007_001299,0.008329,data/processed/images/val/2007_001299.jpg,results/pred_binary/canny/2007_001299.png
2026-06-30 14:55:36,meanshift,2007_001299,1.236406,data/processed/images/val/2007_001299.jpg,results/pred_binary/meanshift/2007_001299.png
2026-06-30 14:55:36,slic,2007_001299,0.292230,data/processed/images/val/2007_001299.jpg,results/pred_binary/slic/2007_001299.png
2026-06-30 14:55:36,canny,2007_001311,0.005205,data/processed/images/val/2007_001311.jpg,results/pred_binary/canny/2007_001311.png
2026-06-30 14:55:37,meanshift,2007_001311,1.153872,data/processed/images/val/2007_001311.jpg,results/pred_binary/meanshift/2007_001311.png
2026-06-30 14:55:38,slic,2007_001311,0.204784,data/processed/images/val/2007_001311.jpg,results/pred_binary/slic/2007_001311.png
2026-06-30 14:55:38,canny,2007_001321,0.005356,data/processed/images/val/2007_001321.jpg,results/pred_binary/canny/2007_001321.png
2026-06-30 14:55:38,meanshift,2007_001321,0.628734,data/processed/images/val/2007_001321.jpg,results/pred_binary/meanshift/2007_001321.png
2026-06-30 14:55:38,slic,2007_001321,0.198084,data/processed/images/val/2007_001321.jpg,results/pred_binary/slic/2007_001321.png
2026-06-30 14:55:38,canny,2007_001377,0.004756,data/processed/images/val/2007_001377.jpg,results/pred_binary/canny/2007_001377.png
2026-06-30 14:55:39,meanshift,2007_001377,0.384936,data/processed/images/val/2007_001377.jpg,results/pred_binary/meanshift/2007_001377.png
2026-06-30 14:55:39,slic,2007_001377,0.244266,data/processed/images/val/2007_001377.jpg,results/pred_binary/slic/2007_001377.png
2026-06-30 14:55:39,canny,2007_001408,0.006541,data/processed/images/val/2007_001408.jpg,results/pred_binary/canny/2007_001408.png
2026-06-30 14:55:40,meanshift,2007_001408,1.090254,data/processed/images/val/2007_001408.jpg,results/pred_binary/meanshift/2007_001408.png
2026-06-30 14:55:40,slic,2007_001408,0.207836,data/processed/images/val/2007_001408.jpg,results/pred_binary/slic/2007_001408.png
2026-06-30 14:55:40,canny,2007_001423,0.013453,data/processed/images/val/2007_001423.jpg,results/pred_binary/canny/2007_001423.png
2026-06-30 14:55:41,meanshift,2007_001423,0.323749,data/processed/images/val/2007_001423.jpg,results/pred_binary/meanshift/2007_001423.png
2026-06-30 14:55:41,slic,2007_001423,0.215456,data/processed/images/val/2007_001423.jpg,results/pred_binary/slic/2007_001423.png
2026-06-30 14:55:41,canny,2007_001430,0.005209,data/processed/images/val/2007_001430.jpg,results/pred_binary/canny/2007_001430.png
2026-06-30 14:55:42,meanshift,2007_001430,1.008855,data/processed/images/val/2007_001430.jpg,results/pred_binary/meanshift/2007_001430.png
2026-06-30 14:55:42,slic,2007_001430,0.248755,data/processed/images/val/2007_001430.jpg,results/pred_binary/slic/2007_001430.png
2026-06-30 14:55:42,canny,2007_001457,0.005846,data/processed/images/val/2007_001457.jpg,results/pred_binary/canny/2007_001457.png
2026-06-30 14:55:43,meanshift,2007_001457,0.447302,data/processed/images/val/2007_001457.jpg,results/pred_binary/meanshift/2007_001457.png
2026-06-30 14:55:43,slic,2007_001457,0.250122,data/processed/images/val/2007_001457.jpg,results/pred_binary/slic/2007_001457.png
2026-06-30 14:55:43,canny,2007_001458,0.004981,data/processed/images/val/2007_001458.jpg,results/pred_binary/canny/2007_001458.png
2026-06-30 14:55:44,meanshift,2007_001458,1.103276,data/processed/images/val/2007_001458.jpg,results/pred_binary/meanshift/2007_001458.png
2026-06-30 14:55:44,slic,2007_001458,0.221334,data/processed/images/val/2007_001458.jpg,results/pred_binary/slic/2007_001458.png
2026-06-30 14:55:44,canny,2007_001526,0.005274,data/processed/images/val/2007_001526.jpg,results/pred_binary/canny/2007_001526.png
2026-06-30 14:55:45,meanshift,2007_001526,0.951409,data/processed/images/val/2007_001526.jpg,results/pred_binary/meanshift/2007_001526.png
2026-06-30 14:55:45,slic,2007_001526,0.190773,data/processed/images/val/2007_001526.jpg,results/pred_binary/slic/2007_001526.png
2026-06-30 14:55:45,canny,2007_001568,0.004661,data/processed/images/val/2007_001568.jpg,results/pred_binary/canny/2007_001568.png
2026-06-30 14:55:46,meanshift,2007_001568,0.538826,data/processed/images/val/2007_001568.jpg,results/pred_binary/meanshift/2007_001568.png
2026-06-30 14:55:46,slic,2007_001568,0.203361,data/processed/images/val/2007_001568.jpg,results/pred_binary/slic/2007_001568.png
2026-06-30 14:55:46,canny,2007_001585,0.010605,data/processed/images/val/2007_001585.jpg,results/pred_binary/canny/2007_001585.png
2026-06-30 14:55:47,meanshift,2007_001585,0.667500,data/processed/images/val/2007_001585.jpg,results/pred_binary/meanshift/2007_001585.png
2026-06-30 14:55:47,slic,2007_001585,0.311328,data/processed/images/val/2007_001585.jpg,results/pred_binary/slic/2007_001585.png
2026-06-30 14:55:47,canny,2007_001586,0.005672,data/processed/images/val/2007_001586.jpg,results/pred_binary/canny/2007_001586.png
2026-06-30 14:55:49,meanshift,2007_001586,1.361607,data/processed/images/val/2007_001586.jpg,results/pred_binary/meanshift/2007_001586.png
2026-06-30 14:55:49,slic,2007_001586,0.249992,data/processed/images/val/2007_001586.jpg,results/pred_binary/slic/2007_001586.png
2026-06-30 14:55:49,canny,2007_001587,0.006218,data/processed/images/val/2007_001587.jpg,results/pred_binary/canny/2007_001587.png
2026-06-30 14:55:50,meanshift,2007_001587,1.501720,data/processed/images/val/2007_001587.jpg,results/pred_binary/meanshift/2007_001587.png
2026-06-30 14:55:51,slic,2007_001587,0.257746,data/processed/images/val/2007_001587.jpg,results/pred_binary/slic/2007_001587.png
2026-06-30 14:55:51,canny,2007_001594,0.005389,data/processed/images/val/2007_001594.jpg,results/pred_binary/canny/2007_001594.png
2026-06-30 14:55:51,meanshift,2007_001594,0.511684,data/processed/images/val/2007_001594.jpg,results/pred_binary/meanshift/2007_001594.png
2026-06-30 14:55:51,slic,2007_001594,0.217034,data/processed/images/val/2007_001594.jpg,results/pred_binary/slic/2007_001594.png
2026-06-30 14:55:51,canny,2007_001630,0.006887,data/processed/images/val/2007_001630.jpg,results/pred_binary/canny/2007_001630.png
2026-06-30 14:55:53,meanshift,2007_001630,1.894380,data/processed/images/val/2007_001630.jpg,results/pred_binary/meanshift/2007_001630.png
2026-06-30 14:55:54,slic,2007_001630,0.251981,data/processed/images/val/2007_001630.jpg,results/pred_binary/slic/2007_001630.png
2026-06-30 14:55:54,canny,2007_001677,0.005485,data/processed/images/val/2007_001677.jpg,results/pred_binary/canny/2007_001677.png
2026-06-30 14:55:54,meanshift,2007_001677,0.836841,data/processed/images/val/2007_001677.jpg,results/pred_binary/meanshift/2007_001677.png
2026-06-30 14:55:55,slic,2007_001677,0.275287,data/processed/images/val/2007_001677.jpg,results/pred_binary/slic/2007_001677.png
2026-06-30 14:55:55,canny,2007_001678,0.005781,data/processed/images/val/2007_001678.jpg,results/pred_binary/canny/2007_001678.png
2026-06-30 14:55:56,meanshift,2007_001678,1.076791,data/processed/images/val/2007_001678.jpg,results/pred_binary/meanshift/2007_001678.png
2026-06-30 14:55:56,slic,2007_001678,0.216112,data/processed/images/val/2007_001678.jpg,results/pred_binary/slic/2007_001678.png
2026-06-30 14:55:56,canny,2007_001717,0.005444,data/processed/images/val/2007_001717.jpg,results/pred_binary/canny/2007_001717.png
2026-06-30 14:55:58,meanshift,2007_001717,1.967691,data/processed/images/val/2007_001717.jpg,results/pred_binary/meanshift/2007_001717.png
2026-06-30 14:55:58,slic,2007_001717,0.390082,data/processed/images/val/2007_001717.jpg,results/pred_binary/slic/2007_001717.png
2026-06-30 14:55:58,canny,2007_001733,0.007448,data/processed/images/val/2007_001733.jpg,results/pred_binary/canny/2007_001733.png
2026-06-30 14:55:59,meanshift,2007_001733,0.647574,data/processed/images/val/2007_001733.jpg,results/pred_binary/meanshift/2007_001733.png
2026-06-30 14:55:59,slic,2007_001733,0.488038,data/processed/images/val/2007_001733.jpg,results/pred_binary/slic/2007_001733.png
2026-06-30 14:56:00,canny,2007_001761,0.005298,data/processed/images/val/2007_001761.jpg,results/pred_binary/canny/2007_001761.png
2026-06-30 14:56:00,meanshift,2007_001761,0.467656,data/processed/images/val/2007_001761.jpg,results/pred_binary/meanshift/2007_001761.png
2026-06-30 14:56:00,slic,2007_001761,0.215629,data/processed/images/val/2007_001761.jpg,results/pred_binary/slic/2007_001761.png
2026-06-30 14:56:00,canny,2007_001763,0.005508,data/processed/images/val/2007_001763.jpg,results/pred_binary/canny/2007_001763.png
2026-06-30 14:56:01,meanshift,2007_001763,0.639633,data/processed/images/val/2007_001763.jpg,results/pred_binary/meanshift/2007_001763.png
2026-06-30 14:56:01,slic,2007_001763,0.252041,data/processed/images/val/2007_001763.jpg,results/pred_binary/slic/2007_001763.png
2026-06-30 14:56:01,canny,2007_001774,0.005218,data/processed/images/val/2007_001774.jpg,results/pred_binary/canny/2007_001774.png
2026-06-30 14:56:02,meanshift,2007_001774,0.514354,data/processed/images/val/2007_001774.jpg,results/pred_binary/meanshift/2007_001774.png
2026-06-30 14:56:02,slic,2007_001774,0.249070,data/processed/images/val/2007_001774.jpg,results/pred_binary/slic/2007_001774.png
2026-06-30 14:56:02,canny,2007_001884,0.005845,data/processed/images/val/2007_001884.jpg,results/pred_binary/canny/2007_001884.png
2026-06-30 14:56:03,meanshift,2007_001884,0.908198,data/processed/images/val/2007_001884.jpg,results/pred_binary/meanshift/2007_001884.png
2026-06-30 14:56:03,slic,2007_001884,0.270069,data/processed/images/val/2007_001884.jpg,results/pred_binary/slic/2007_001884.png
2026-06-30 14:56:03,canny,2007_001955,0.005681,data/processed/images/val/2007_001955.jpg,results/pred_binary/canny/2007_001955.png
2026-06-30 14:56:05,meanshift,2007_001955,1.697487,data/processed/images/val/2007_001955.jpg,results/pred_binary/meanshift/2007_001955.png
2026-06-30 14:56:05,slic,2007_001955,0.192892,data/processed/images/val/2007_001955.jpg,results/pred_binary/slic/2007_001955.png
2026-06-30 14:56:05,canny,2007_002046,0.017274,data/processed/images/val/2007_002046.jpg,results/pred_binary/canny/2007_002046.png
2026-06-30 14:56:07,meanshift,2007_002046,2.173905,data/processed/images/val/2007_002046.jpg,results/pred_binary/meanshift/2007_002046.png
2026-06-30 14:56:08,slic,2007_002046,0.322960,data/processed/images/val/2007_002046.jpg,results/pred_binary/slic/2007_002046.png
2026-06-30 14:56:08,canny,2007_002094,0.004836,data/processed/images/val/2007_002094.jpg,results/pred_binary/canny/2007_002094.png
2026-06-30 14:56:08,meanshift,2007_002094,0.259550,data/processed/images/val/2007_002094.jpg,results/pred_binary/meanshift/2007_002094.png
2026-06-30 14:56:08,slic,2007_002094,0.213118,data/processed/images/val/2007_002094.jpg,results/pred_binary/slic/2007_002094.png
2026-06-30 14:56:08,canny,2007_002119,0.009041,data/processed/images/val/2007_002119.jpg,results/pred_binary/canny/2007_002119.png
2026-06-30 14:56:09,meanshift,2007_002119,0.708215,data/processed/images/val/2007_002119.jpg,results/pred_binary/meanshift/2007_002119.png
2026-06-30 14:56:09,slic,2007_002119,0.249569,data/processed/images/val/2007_002119.jpg,results/pred_binary/slic/2007_002119.png
2026-06-30 14:56:09,canny,2007_002132,0.006231,data/processed/images/val/2007_002132.jpg,results/pred_binary/canny/2007_002132.png
2026-06-30 14:56:09,meanshift,2007_002132,0.356537,data/processed/images/val/2007_002132.jpg,results/pred_binary/meanshift/2007_002132.png
2026-06-30 14:56:10,slic,2007_002132,0.262932,data/processed/images/val/2007_002132.jpg,results/pred_binary/slic/2007_002132.png
2026-06-30 14:56:10,canny,2007_002260,0.006518,data/processed/images/val/2007_002260.jpg,results/pred_binary/canny/2007_002260.png
2026-06-30 14:56:11,meanshift,2007_002260,1.093478,data/processed/images/val/2007_002260.jpg,results/pred_binary/meanshift/2007_002260.png
2026-06-30 14:56:11,slic,2007_002260,0.224332,data/processed/images/val/2007_002260.jpg,results/pred_binary/slic/2007_002260.png
2026-06-30 14:56:11,canny,2007_002266,0.005783,data/processed/images/val/2007_002266.jpg,results/pred_binary/canny/2007_002266.png
2026-06-30 14:56:12,meanshift,2007_002266,0.621942,data/processed/images/val/2007_002266.jpg,results/pred_binary/meanshift/2007_002266.png
2026-06-30 14:56:12,slic,2007_002266,0.280983,data/processed/images/val/2007_002266.jpg,results/pred_binary/slic/2007_002266.png
2026-06-30 14:56:12,canny,2007_002268,0.006504,data/processed/images/val/2007_002268.jpg,results/pred_binary/canny/2007_002268.png
2026-06-30 14:56:13,meanshift,2007_002268,0.635171,data/processed/images/val/2007_002268.jpg,results/pred_binary/meanshift/2007_002268.png
2026-06-30 14:56:13,slic,2007_002268,0.250428,data/processed/images/val/2007_002268.jpg,results/pred_binary/slic/2007_002268.png
2026-06-30 14:56:13,canny,2007_002284,0.007871,data/processed/images/val/2007_002284.jpg,results/pred_binary/canny/2007_002284.png
2026-06-30 14:56:14,meanshift,2007_002284,1.612142,data/processed/images/val/2007_002284.jpg,results/pred_binary/meanshift/2007_002284.png
2026-06-30 14:56:15,slic,2007_002284,0.248767,data/processed/images/val/2007_002284.jpg,results/pred_binary/slic/2007_002284.png
2026-06-30 14:56:15,canny,2007_002376,0.004424,data/processed/images/val/2007_002376.jpg,results/pred_binary/canny/2007_002376.png
2026-06-30 14:56:15,meanshift,2007_002376,0.394061,data/processed/images/val/2007_002376.jpg,results/pred_binary/meanshift/2007_002376.png
2026-06-30 14:56:15,slic,2007_002376,0.215586,data/processed/images/val/2007_002376.jpg,results/pred_binary/slic/2007_002376.png
2026-06-30 14:56:15,canny,2007_002378,0.006610,data/processed/images/val/2007_002378.jpg,results/pred_binary/canny/2007_002378.png
2026-06-30 14:56:17,meanshift,2007_002378,1.981322,data/processed/images/val/2007_002378.jpg,results/pred_binary/meanshift/2007_002378.png
2026-06-30 14:56:18,slic,2007_002378,0.251313,data/processed/images/val/2007_002378.jpg,results/pred_binary/slic/2007_002378.png
2026-06-30 14:56:18,canny,2007_002387,0.005676,data/processed/images/val/2007_002387.jpg,results/pred_binary/canny/2007_002387.png
2026-06-30 14:56:19,meanshift,2007_002387,1.029889,data/processed/images/val/2007_002387.jpg,results/pred_binary/meanshift/2007_002387.png
2026-06-30 14:56:19,slic,2007_002387,0.253987,data/processed/images/val/2007_002387.jpg,results/pred_binary/slic/2007_002387.png
2026-06-30 14:56:19,canny,2007_002400,0.005530,data/processed/images/val/2007_002400.jpg,results/pred_binary/canny/2007_002400.png
2026-06-30 14:56:20,meanshift,2007_002400,0.867129,data/processed/images/val/2007_002400.jpg,results/pred_binary/meanshift/2007_002400.png
2026-06-30 14:56:20,slic,2007_002400,0.238155,data/processed/images/val/2007_002400.jpg,results/pred_binary/slic/2007_002400.png
2026-06-30 14:56:20,canny,2007_002412,0.006239,data/processed/images/val/2007_002412.jpg,results/pred_binary/canny/2007_002412.png
2026-06-30 14:56:22,meanshift,2007_002412,1.915992,data/processed/images/val/2007_002412.jpg,results/pred_binary/meanshift/2007_002412.png
2026-06-30 14:56:22,slic,2007_002412,0.235980,data/processed/images/val/2007_002412.jpg,results/pred_binary/slic/2007_002412.png
2026-06-30 14:56:22,canny,2007_002426,0.006070,data/processed/images/val/2007_002426.jpg,results/pred_binary/canny/2007_002426.png
2026-06-30 14:56:23,meanshift,2007_002426,0.933917,data/processed/images/val/2007_002426.jpg,results/pred_binary/meanshift/2007_002426.png
2026-06-30 14:56:23,slic,2007_002426,0.245140,data/processed/images/val/2007_002426.jpg,results/pred_binary/slic/2007_002426.png
2026-06-30 14:56:23,canny,2007_002427,0.003341,data/processed/images/val/2007_002427.jpg,results/pred_binary/canny/2007_002427.png
2026-06-30 14:56:24,meanshift,2007_002427,0.209895,data/processed/images/val/2007_002427.jpg,results/pred_binary/meanshift/2007_002427.png
2026-06-30 14:56:24,slic,2007_002427,0.078841,data/processed/images/val/2007_002427.jpg,results/pred_binary/slic/2007_002427.png
2026-06-30 14:56:24,canny,2007_002445,0.005485,data/processed/images/val/2007_002445.jpg,results/pred_binary/canny/2007_002445.png
2026-06-30 14:56:24,meanshift,2007_002445,0.434154,data/processed/images/val/2007_002445.jpg,results/pred_binary/meanshift/2007_002445.png
2026-06-30 14:56:24,slic,2007_002445,0.226099,data/processed/images/val/2007_002445.jpg,results/pred_binary/slic/2007_002445.png
2026-06-30 14:56:24,canny,2007_002470,0.005998,data/processed/images/val/2007_002470.jpg,results/pred_binary/canny/2007_002470.png
2026-06-30 14:56:25,meanshift,2007_002470,0.571891,data/processed/images/val/2007_002470.jpg,results/pred_binary/meanshift/2007_002470.png
2026-06-30 14:56:25,slic,2007_002470,0.291763,data/processed/images/val/2007_002470.jpg,results/pred_binary/slic/2007_002470.png
2026-06-30 14:56:25,canny,2007_002539,0.004971,data/processed/images/val/2007_002539.jpg,results/pred_binary/canny/2007_002539.png
2026-06-30 14:56:26,meanshift,2007_002539,0.677804,data/processed/images/val/2007_002539.jpg,results/pred_binary/meanshift/2007_002539.png
2026-06-30 14:56:26,slic,2007_002539,0.206268,data/processed/images/val/2007_002539.jpg,results/pred_binary/slic/2007_002539.png
2026-06-30 14:56:26,canny,2007_002565,0.006763,data/processed/images/val/2007_002565.jpg,results/pred_binary/canny/2007_002565.png
2026-06-30 14:56:28,meanshift,2007_002565,1.650244,data/processed/images/val/2007_002565.jpg,results/pred_binary/meanshift/2007_002565.png
2026-06-30 14:56:28,slic,2007_002565,0.245738,data/processed/images/val/2007_002565.jpg,results/pred_binary/slic/2007_002565.png
2026-06-30 14:56:28,canny,2007_002597,0.006273,data/processed/images/val/2007_002597.jpg,results/pred_binary/canny/2007_002597.png
2026-06-30 14:56:29,meanshift,2007_002597,1.040528,data/processed/images/val/2007_002597.jpg,results/pred_binary/meanshift/2007_002597.png
2026-06-30 14:56:29,slic,2007_002597,0.243076,data/processed/images/val/2007_002597.jpg,results/pred_binary/slic/2007_002597.png
2026-06-30 14:56:29,canny,2007_002618,0.005843,data/processed/images/val/2007_002618.jpg,results/pred_binary/canny/2007_002618.png
2026-06-30 14:56:31,meanshift,2007_002618,1.701120,data/processed/images/val/2007_002618.jpg,results/pred_binary/meanshift/2007_002618.png
2026-06-30 14:56:31,slic,2007_002618,0.271282,data/processed/images/val/2007_002618.jpg,results/pred_binary/slic/2007_002618.png
2026-06-30 14:56:31,canny,2007_002619,0.006079,data/processed/images/val/2007_002619.jpg,results/pred_binary/canny/2007_002619.png
2026-06-30 14:56:32,meanshift,2007_002619,0.431459,data/processed/images/val/2007_002619.jpg,results/pred_binary/meanshift/2007_002619.png
2026-06-30 14:56:32,slic,2007_002619,0.259576,data/processed/images/val/2007_002619.jpg,results/pred_binary/slic/2007_002619.png
2026-06-30 14:56:32,canny,2007_002624,0.006224,data/processed/images/val/2007_002624.jpg,results/pred_binary/canny/2007_002624.png
2026-06-30 14:56:33,meanshift,2007_002624,0.658690,data/processed/images/val/2007_002624.jpg,results/pred_binary/meanshift/2007_002624.png
2026-06-30 14:56:33,slic,2007_002624,0.245940,data/processed/images/val/2007_002624.jpg,results/pred_binary/slic/2007_002624.png
2026-06-30 14:56:33,canny,2007_002643,0.005624,data/processed/images/val/2007_002643.jpg,results/pred_binary/canny/2007_002643.png
2026-06-30 14:56:34,meanshift,2007_002643,0.929193,data/processed/images/val/2007_002643.jpg,results/pred_binary/meanshift/2007_002643.png
2026-06-30 14:56:34,slic,2007_002643,0.244080,data/processed/images/val/2007_002643.jpg,results/pred_binary/slic/2007_002643.png
2026-06-30 14:56:34,canny,2007_002648,0.006542,data/processed/images/val/2007_002648.jpg,results/pred_binary/canny/2007_002648.png
2026-06-30 14:56:34,meanshift,2007_002648,0.281228,data/processed/images/val/2007_002648.jpg,results/pred_binary/meanshift/2007_002648.png
2026-06-30 14:56:35,slic,2007_002648,0.271619,data/processed/images/val/2007_002648.jpg,results/pred_binary/slic/2007_002648.png
2026-06-30 14:56:35,canny,2007_002719,0.005034,data/processed/images/val/2007_002719.jpg,results/pred_binary/canny/2007_002719.png
2026-06-30 14:56:35,meanshift,2007_002719,0.539379,data/processed/images/val/2007_002719.jpg,results/pred_binary/meanshift/2007_002719.png
2026-06-30 14:56:35,slic,2007_002719,0.245630,data/processed/images/val/2007_002719.jpg,results/pred_binary/slic/2007_002719.png
2026-06-30 14:56:35,canny,2007_002728,0.005445,data/processed/images/val/2007_002728.jpg,results/pred_binary/canny/2007_002728.png
2026-06-30 14:56:36,meanshift,2007_002728,0.683220,data/processed/images/val/2007_002728.jpg,results/pred_binary/meanshift/2007_002728.png
2026-06-30 14:56:36,slic,2007_002728,0.208371,data/processed/images/val/2007_002728.jpg,results/pred_binary/slic/2007_002728.png
2026-06-30 14:56:36,canny,2007_002823,0.008291,data/processed/images/val/2007_002823.jpg,results/pred_binary/canny/2007_002823.png
2026-06-30 14:56:38,meanshift,2007_002823,1.732592,data/processed/images/val/2007_002823.jpg,results/pred_binary/meanshift/2007_002823.png
2026-06-30 14:56:38,slic,2007_002823,0.234377,data/processed/images/val/2007_002823.jpg,results/pred_binary/slic/2007_002823.png
2026-06-30 14:56:38,canny,2007_002824,0.005574,data/processed/images/val/2007_002824.jpg,results/pred_binary/canny/2007_002824.png
2026-06-30 14:56:39,meanshift,2007_002824,0.507385,data/processed/images/val/2007_002824.jpg,results/pred_binary/meanshift/2007_002824.png
2026-06-30 14:56:39,slic,2007_002824,0.453405,data/processed/images/val/2007_002824.jpg,results/pred_binary/slic/2007_002824.png
2026-06-30 14:56:39,canny,2007_002852,0.006754,data/processed/images/val/2007_002852.jpg,results/pred_binary/canny/2007_002852.png
2026-06-30 14:56:41,meanshift,2007_002852,1.982105,data/processed/images/val/2007_002852.jpg,results/pred_binary/meanshift/2007_002852.png
2026-06-30 14:56:42,slic,2007_002852,0.359296,data/processed/images/val/2007_002852.jpg,results/pred_binary/slic/2007_002852.png
2026-06-30 14:56:42,canny,2007_002903,0.007225,data/processed/images/val/2007_002903.jpg,results/pred_binary/canny/2007_002903.png
2026-06-30 14:56:43,meanshift,2007_002903,1.165155,data/processed/images/val/2007_002903.jpg,results/pred_binary/meanshift/2007_002903.png
2026-06-30 14:56:43,slic,2007_002903,0.379660,data/processed/images/val/2007_002903.jpg,results/pred_binary/slic/2007_002903.png
2026-06-30 14:56:43,canny,2007_003011,0.005976,data/processed/images/val/2007_003011.jpg,results/pred_binary/canny/2007_003011.png
2026-06-30 14:56:44,meanshift,2007_003011,0.741781,data/processed/images/val/2007_003011.jpg,results/pred_binary/meanshift/2007_003011.png
2026-06-30 14:56:44,slic,2007_003011,0.242714,data/processed/images/val/2007_003011.jpg,results/pred_binary/slic/2007_003011.png
2026-06-30 14:56:44,canny,2007_003020,0.005864,data/processed/images/val/2007_003020.jpg,results/pred_binary/canny/2007_003020.png
2026-06-30 14:56:46,meanshift,2007_003020,1.796777,data/processed/images/val/2007_003020.jpg,results/pred_binary/meanshift/2007_003020.png
2026-06-30 14:56:46,slic,2007_003020,0.241009,data/processed/images/val/2007_003020.jpg,results/pred_binary/slic/2007_003020.png
2026-06-30 14:56:46,canny,2007_003022,0.005166,data/processed/images/val/2007_003022.jpg,results/pred_binary/canny/2007_003022.png
2026-06-30 14:56:47,meanshift,2007_003022,1.112335,data/processed/images/val/2007_003022.jpg,results/pred_binary/meanshift/2007_003022.png
2026-06-30 14:56:48,slic,2007_003022,0.210673,data/processed/images/val/2007_003022.jpg,results/pred_binary/slic/2007_003022.png
2026-06-30 14:56:48,canny,2007_003051,0.004242,data/processed/images/val/2007_003051.jpg,results/pred_binary/canny/2007_003051.png
2026-06-30 14:56:48,meanshift,2007_003051,0.387056,data/processed/images/val/2007_003051.jpg,results/pred_binary/meanshift/2007_003051.png
2026-06-30 14:56:48,slic,2007_003051,0.211492,data/processed/images/val/2007_003051.jpg,results/pred_binary/slic/2007_003051.png
2026-06-30 14:56:48,canny,2007_003088,0.005274,data/processed/images/val/2007_003088.jpg,results/pred_binary/canny/2007_003088.png
2026-06-30 14:56:49,meanshift,2007_003088,0.612081,data/processed/images/val/2007_003088.jpg,results/pred_binary/meanshift/2007_003088.png
2026-06-30 14:56:49,slic,2007_003088,0.269943,data/processed/images/val/2007_003088.jpg,results/pred_binary/slic/2007_003088.png
2026-06-30 14:56:49,canny,2007_003101,0.005842,data/processed/images/val/2007_003101.jpg,results/pred_binary/canny/2007_003101.png
2026-06-30 14:56:51,meanshift,2007_003101,1.305779,data/processed/images/val/2007_003101.jpg,results/pred_binary/meanshift/2007_003101.png
2026-06-30 14:56:51,slic,2007_003101,0.206720,data/processed/images/val/2007_003101.jpg,results/pred_binary/slic/2007_003101.png
2026-06-30 14:56:51,canny,2007_003106,0.005568,data/processed/images/val/2007_003106.jpg,results/pred_binary/canny/2007_003106.png
2026-06-30 14:56:52,meanshift,2007_003106,1.253736,data/processed/images/val/2007_003106.jpg,results/pred_binary/meanshift/2007_003106.png
2026-06-30 14:56:52,slic,2007_003106,0.246226,data/processed/images/val/2007_003106.jpg,results/pred_binary/slic/2007_003106.png
2026-06-30 14:56:52,canny,2007_003110,0.005643,data/processed/images/val/2007_003110.jpg,results/pred_binary/canny/2007_003110.png
2026-06-30 14:56:54,meanshift,2007_003110,1.310855,data/processed/images/val/2007_003110.jpg,results/pred_binary/meanshift/2007_003110.png
2026-06-30 14:56:54,slic,2007_003110,0.249801,data/processed/images/val/2007_003110.jpg,results/pred_binary/slic/2007_003110.png
2026-06-30 14:56:54,canny,2007_003131,0.006051,data/processed/images/val/2007_003131.jpg,results/pred_binary/canny/2007_003131.png
2026-06-30 14:56:56,meanshift,2007_003131,1.753919,data/processed/images/val/2007_003131.jpg,results/pred_binary/meanshift/2007_003131.png
2026-06-30 14:56:56,slic,2007_003131,0.229190,data/processed/images/val/2007_003131.jpg,results/pred_binary/slic/2007_003131.png
2026-06-30 14:56:56,canny,2007_003134,0.005894,data/processed/images/val/2007_003134.jpg,results/pred_binary/canny/2007_003134.png
2026-06-30 14:56:57,meanshift,2007_003134,0.946189,data/processed/images/val/2007_003134.jpg,results/pred_binary/meanshift/2007_003134.png
2026-06-30 14:56:57,slic,2007_003134,0.248093,data/processed/images/val/2007_003134.jpg,results/pred_binary/slic/2007_003134.png
2026-06-30 14:56:57,canny,2007_003137,0.006187,data/processed/images/val/2007_003137.jpg,results/pred_binary/canny/2007_003137.png
2026-06-30 14:56:58,meanshift,2007_003137,1.457429,data/processed/images/val/2007_003137.jpg,results/pred_binary/meanshift/2007_003137.png
2026-06-30 14:56:59,slic,2007_003137,0.253202,data/processed/images/val/2007_003137.jpg,results/pred_binary/slic/2007_003137.png
2026-06-30 14:56:59,canny,2007_003143,0.004032,data/processed/images/val/2007_003143.jpg,results/pred_binary/canny/2007_003143.png
2026-06-30 14:56:59,meanshift,2007_003143,0.468575,data/processed/images/val/2007_003143.jpg,results/pred_binary/meanshift/2007_003143.png
2026-06-30 14:56:59,slic,2007_003143,0.177017,data/processed/images/val/2007_003143.jpg,results/pred_binary/slic/2007_003143.png
2026-06-30 14:56:59,canny,2007_003169,0.007359,data/processed/images/val/2007_003169.jpg,results/pred_binary/canny/2007_003169.png
2026-06-30 14:57:00,meanshift,2007_003169,0.623840,data/processed/images/val/2007_003169.jpg,results/pred_binary/meanshift/2007_003169.png
2026-06-30 14:57:00,slic,2007_003169,0.251801,data/processed/images/val/2007_003169.jpg,results/pred_binary/slic/2007_003169.png
2026-06-30 14:57:00,canny,2007_003188,0.005838,data/processed/images/val/2007_003188.jpg,results/pred_binary/canny/2007_003188.png
2026-06-30 14:57:02,meanshift,2007_003188,1.333003,data/processed/images/val/2007_003188.jpg,results/pred_binary/meanshift/2007_003188.png
2026-06-30 14:57:02,slic,2007_003188,0.240172,data/processed/images/val/2007_003188.jpg,results/pred_binary/slic/2007_003188.png
2026-06-30 14:57:02,canny,2007_003194,0.004534,data/processed/images/val/2007_003194.jpg,results/pred_binary/canny/2007_003194.png
2026-06-30 14:57:03,meanshift,2007_003194,0.731772,data/processed/images/val/2007_003194.jpg,results/pred_binary/meanshift/2007_003194.png
2026-06-30 14:57:03,slic,2007_003194,0.221533,data/processed/images/val/2007_003194.jpg,results/pred_binary/slic/2007_003194.png
2026-06-30 14:57:03,canny,2007_003195,0.005068,data/processed/images/val/2007_003195.jpg,results/pred_binary/canny/2007_003195.png
2026-06-30 14:57:04,meanshift,2007_003195,0.938284,data/processed/images/val/2007_003195.jpg,results/pred_binary/meanshift/2007_003195.png
2026-06-30 14:57:04,slic,2007_003195,0.215827,data/processed/images/val/2007_003195.jpg,results/pred_binary/slic/2007_003195.png
2026-06-30 14:57:04,canny,2007_003201,0.004856,data/processed/images/val/2007_003201.jpg,results/pred_binary/canny/2007_003201.png
2026-06-30 14:57:05,meanshift,2007_003201,1.235538,data/processed/images/val/2007_003201.jpg,results/pred_binary/meanshift/2007_003201.png
2026-06-30 14:57:05,slic,2007_003201,0.209965,data/processed/images/val/2007_003201.jpg,results/pred_binary/slic/2007_003201.png
2026-06-30 14:57:06,canny,2007_003349,0.004734,data/processed/images/val/2007_003349.jpg,results/pred_binary/canny/2007_003349.png
2026-06-30 14:57:07,meanshift,2007_003349,1.272789,data/processed/images/val/2007_003349.jpg,results/pred_binary/meanshift/2007_003349.png
2026-06-30 14:57:07,slic,2007_003349,0.308820,data/processed/images/val/2007_003349.jpg,results/pred_binary/slic/2007_003349.png
2026-06-30 14:57:07,canny,2007_003367,0.006994,data/processed/images/val/2007_003367.jpg,results/pred_binary/canny/2007_003367.png
2026-06-30 14:57:09,meanshift,2007_003367,1.788583,data/processed/images/val/2007_003367.jpg,results/pred_binary/meanshift/2007_003367.png
2026-06-30 14:57:09,slic,2007_003367,0.358309,data/processed/images/val/2007_003367.jpg,results/pred_binary/slic/2007_003367.png
2026-06-30 14:57:09,canny,2007_003373,0.007189,data/processed/images/val/2007_003373.jpg,results/pred_binary/canny/2007_003373.png
2026-06-30 14:57:11,meanshift,2007_003373,1.787142,data/processed/images/val/2007_003373.jpg,results/pred_binary/meanshift/2007_003373.png
2026-06-30 14:57:11,slic,2007_003373,0.367363,data/processed/images/val/2007_003373.jpg,results/pred_binary/slic/2007_003373.png
2026-06-30 14:57:11,canny,2007_003499,0.008081,data/processed/images/val/2007_003499.jpg,results/pred_binary/canny/2007_003499.png
2026-06-30 14:57:13,meanshift,2007_003499,1.494711,data/processed/images/val/2007_003499.jpg,results/pred_binary/meanshift/2007_003499.png
2026-06-30 14:57:13,slic,2007_003499,0.362611,data/processed/images/val/2007_003499.jpg,results/pred_binary/slic/2007_003499.png
2026-06-30 14:57:13,canny,2007_003503,0.006900,data/processed/images/val/2007_003503.jpg,results/pred_binary/canny/2007_003503.png
2026-06-30 14:57:15,meanshift,2007_003503,2.059083,data/processed/images/val/2007_003503.jpg,results/pred_binary/meanshift/2007_003503.png
2026-06-30 14:57:16,slic,2007_003503,0.304311,data/processed/images/val/2007_003503.jpg,results/pred_binary/slic/2007_003503.png
2026-06-30 14:57:16,canny,2007_003506,0.006059,data/processed/images/val/2007_003506.jpg,results/pred_binary/canny/2007_003506.png
2026-06-30 14:57:17,meanshift,2007_003506,0.987681,data/processed/images/val/2007_003506.jpg,results/pred_binary/meanshift/2007_003506.png
2026-06-30 14:57:17,slic,2007_003506,0.306509,data/processed/images/val/2007_003506.jpg,results/pred_binary/slic/2007_003506.png
2026-06-30 14:57:17,canny,2007_003530,0.006916,data/processed/images/val/2007_003530.jpg,results/pred_binary/canny/2007_003530.png
2026-06-30 14:57:18,meanshift,2007_003530,0.641135,data/processed/images/val/2007_003530.jpg,results/pred_binary/meanshift/2007_003530.png
2026-06-30 14:57:18,slic,2007_003530,0.353118,data/processed/images/val/2007_003530.jpg,results/pred_binary/slic/2007_003530.png
2026-06-30 14:57:18,canny,2007_003571,0.007371,data/processed/images/val/2007_003571.jpg,results/pred_binary/canny/2007_003571.png
2026-06-30 14:57:20,meanshift,2007_003571,2.298142,data/processed/images/val/2007_003571.jpg,results/pred_binary/meanshift/2007_003571.png
2026-06-30 14:57:21,slic,2007_003571,0.320870,data/processed/images/val/2007_003571.jpg,results/pred_binary/slic/2007_003571.png
2026-06-30 14:57:21,canny,2007_003587,0.008860,data/processed/images/val/2007_003587.jpg,results/pred_binary/canny/2007_003587.png
2026-06-30 14:57:22,meanshift,2007_003587,1.164921,data/processed/images/val/2007_003587.jpg,results/pred_binary/meanshift/2007_003587.png
2026-06-30 14:57:22,slic,2007_003587,0.237999,data/processed/images/val/2007_003587.jpg,results/pred_binary/slic/2007_003587.png
2026-06-30 14:57:22,canny,2007_003611,0.009980,data/processed/images/val/2007_003611.jpg,results/pred_binary/canny/2007_003611.png
2026-06-30 14:57:26,meanshift,2007_003611,3.479890,data/processed/images/val/2007_003611.jpg,results/pred_binary/meanshift/2007_003611.png
2026-06-30 14:57:26,slic,2007_003611,0.358666,data/processed/images/val/2007_003611.jpg,results/pred_binary/slic/2007_003611.png
2026-06-30 14:57:26,canny,2007_003621,0.006360,data/processed/images/val/2007_003621.jpg,results/pred_binary/canny/2007_003621.png
2026-06-30 14:57:27,meanshift,2007_003621,0.648162,data/processed/images/val/2007_003621.jpg,results/pred_binary/meanshift/2007_003621.png
2026-06-30 14:57:27,slic,2007_003621,0.249969,data/processed/images/val/2007_003621.jpg,results/pred_binary/slic/2007_003621.png
2026-06-30 14:57:27,canny,2007_003682,0.004748,data/processed/images/val/2007_003682.jpg,results/pred_binary/canny/2007_003682.png
2026-06-30 14:57:27,meanshift,2007_003682,0.533774,data/processed/images/val/2007_003682.jpg,results/pred_binary/meanshift/2007_003682.png
2026-06-30 14:57:28,slic,2007_003682,0.222790,data/processed/images/val/2007_003682.jpg,results/pred_binary/slic/2007_003682.png
2026-06-30 14:57:28,canny,2007_003711,0.005446,data/processed/images/val/2007_003711.jpg,results/pred_binary/canny/2007_003711.png
2026-06-30 14:57:29,meanshift,2007_003711,1.056981,data/processed/images/val/2007_003711.jpg,results/pred_binary/meanshift/2007_003711.png
2026-06-30 14:57:29,slic,2007_003711,0.264848,data/processed/images/val/2007_003711.jpg,results/pred_binary/slic/2007_003711.png
2026-06-30 14:57:29,canny,2007_003714,0.005789,data/processed/images/val/2007_003714.jpg,results/pred_binary/canny/2007_003714.png
2026-06-30 14:57:30,meanshift,2007_003714,1.163648,data/processed/images/val/2007_003714.jpg,results/pred_binary/meanshift/2007_003714.png
2026-06-30 14:57:30,slic,2007_003714,0.269941,data/processed/images/val/2007_003714.jpg,results/pred_binary/slic/2007_003714.png
2026-06-30 14:57:30,canny,2007_003742,0.002914,data/processed/images/val/2007_003742.jpg,results/pred_binary/canny/2007_003742.png
2026-06-30 14:57:31,meanshift,2007_003742,0.449015,data/processed/images/val/2007_003742.jpg,results/pred_binary/meanshift/2007_003742.png
2026-06-30 14:57:31,slic,2007_003742,0.084129,data/processed/images/val/2007_003742.jpg,results/pred_binary/slic/2007_003742.png
2026-06-30 14:57:31,canny,2007_003786,0.003705,data/processed/images/val/2007_003786.jpg,results/pred_binary/canny/2007_003786.png
2026-06-30 14:57:31,meanshift,2007_003786,0.376118,data/processed/images/val/2007_003786.jpg,results/pred_binary/meanshift/2007_003786.png
2026-06-30 14:57:32,slic,2007_003786,0.178316,data/processed/images/val/2007_003786.jpg,results/pred_binary/slic/2007_003786.png
2026-06-30 14:57:32,canny,2007_003841,0.007510,data/processed/images/val/2007_003841.jpg,results/pred_binary/canny/2007_003841.png
2026-06-30 14:57:33,meanshift,2007_003841,1.016655,data/processed/images/val/2007_003841.jpg,results/pred_binary/meanshift/2007_003841.png
2026-06-30 14:57:33,slic,2007_003841,0.321969,data/processed/images/val/2007_003841.jpg,results/pred_binary/slic/2007_003841.png
2026-06-30 14:57:33,canny,2007_003848,0.002486,data/processed/images/val/2007_003848.jpg,results/pred_binary/canny/2007_003848.png
2026-06-30 14:57:33,meanshift,2007_003848,0.340375,data/processed/images/val/2007_003848.jpg,results/pred_binary/meanshift/2007_003848.png
2026-06-30 14:57:33,slic,2007_003848,0.086489,data/processed/images/val/2007_003848.jpg,results/pred_binary/slic/2007_003848.png
2026-06-30 14:57:33,canny,2007_003861,0.004036,data/processed/images/val/2007_003861.jpg,results/pred_binary/canny/2007_003861.png
2026-06-30 14:57:34,meanshift,2007_003861,0.460600,data/processed/images/val/2007_003861.jpg,results/pred_binary/meanshift/2007_003861.png
2026-06-30 14:57:34,slic,2007_003861,0.231862,data/processed/images/val/2007_003861.jpg,results/pred_binary/slic/2007_003861.png
2026-06-30 14:57:34,canny,2007_003872,0.004119,data/processed/images/val/2007_003872.jpg,results/pred_binary/canny/2007_003872.png
2026-06-30 14:57:34,meanshift,2007_003872,0.291772,data/processed/images/val/2007_003872.jpg,results/pred_binary/meanshift/2007_003872.png
2026-06-30 14:57:35,slic,2007_003872,0.257266,data/processed/images/val/2007_003872.jpg,results/pred_binary/slic/2007_003872.png
2026-06-30 14:57:35,canny,2007_003917,0.005653,data/processed/images/val/2007_003917.jpg,results/pred_binary/canny/2007_003917.png
2026-06-30 14:57:35,meanshift,2007_003917,0.710834,data/processed/images/val/2007_003917.jpg,results/pred_binary/meanshift/2007_003917.png
2026-06-30 14:57:36,slic,2007_003917,0.237459,data/processed/images/val/2007_003917.jpg,results/pred_binary/slic/2007_003917.png
2026-06-30 14:57:36,canny,2007_003957,0.004993,data/processed/images/val/2007_003957.jpg,results/pred_binary/canny/2007_003957.png
2026-06-30 14:57:36,meanshift,2007_003957,0.825208,data/processed/images/val/2007_003957.jpg,results/pred_binary/meanshift/2007_003957.png
2026-06-30 14:57:37,slic,2007_003957,0.220550,data/processed/images/val/2007_003957.jpg,results/pred_binary/slic/2007_003957.png
2026-06-30 14:57:37,canny,2007_003991,0.005118,data/processed/images/val/2007_003991.jpg,results/pred_binary/canny/2007_003991.png
2026-06-30 14:57:38,meanshift,2007_003991,0.900627,data/processed/images/val/2007_003991.jpg,results/pred_binary/meanshift/2007_003991.png
2026-06-30 14:57:38,slic,2007_003991,0.262975,data/processed/images/val/2007_003991.jpg,results/pred_binary/slic/2007_003991.png
2026-06-30 14:57:38,canny,2007_004033,0.005202,data/processed/images/val/2007_004033.jpg,results/pred_binary/canny/2007_004033.png
2026-06-30 14:57:39,meanshift,2007_004033,0.902910,data/processed/images/val/2007_004033.jpg,results/pred_binary/meanshift/2007_004033.png
2026-06-30 14:57:39,slic,2007_004033,0.212457,data/processed/images/val/2007_004033.jpg,results/pred_binary/slic/2007_004033.png
2026-06-30 14:57:39,canny,2007_004052,0.003760,data/processed/images/val/2007_004052.jpg,results/pred_binary/canny/2007_004052.png
2026-06-30 14:57:39,meanshift,2007_004052,0.133145,data/processed/images/val/2007_004052.jpg,results/pred_binary/meanshift/2007_004052.png
2026-06-30 14:57:39,slic,2007_004052,0.194728,data/processed/images/val/2007_004052.jpg,results/pred_binary/slic/2007_004052.png
2026-06-30 14:57:39,canny,2007_004112,0.005195,data/processed/images/val/2007_004112.jpg,results/pred_binary/canny/2007_004112.png
2026-06-30 14:57:40,meanshift,2007_004112,0.497581,data/processed/images/val/2007_004112.jpg,results/pred_binary/meanshift/2007_004112.png
2026-06-30 14:57:40,slic,2007_004112,0.250768,data/processed/images/val/2007_004112.jpg,results/pred_binary/slic/2007_004112.png
2026-06-30 14:57:40,canny,2007_004121,0.005373,data/processed/images/val/2007_004121.jpg,results/pred_binary/canny/2007_004121.png
2026-06-30 14:57:41,meanshift,2007_004121,0.820648,data/processed/images/val/2007_004121.jpg,results/pred_binary/meanshift/2007_004121.png
2026-06-30 14:57:41,slic,2007_004121,0.207169,data/processed/images/val/2007_004121.jpg,results/pred_binary/slic/2007_004121.png
2026-06-30 14:57:41,canny,2007_004143,0.005779,data/processed/images/val/2007_004143.jpg,results/pred_binary/canny/2007_004143.png
2026-06-30 14:57:42,meanshift,2007_004143,0.597949,data/processed/images/val/2007_004143.jpg,results/pred_binary/meanshift/2007_004143.png
2026-06-30 14:57:42,slic,2007_004143,0.245170,data/processed/images/val/2007_004143.jpg,results/pred_binary/slic/2007_004143.png
2026-06-30 14:57:42,canny,2007_004189,0.005537,data/processed/images/val/2007_004189.jpg,results/pred_binary/canny/2007_004189.png
2026-06-30 14:57:44,meanshift,2007_004189,1.930871,data/processed/images/val/2007_004189.jpg,results/pred_binary/meanshift/2007_004189.png
2026-06-30 14:57:44,slic,2007_004189,0.210496,data/processed/images/val/2007_004189.jpg,results/pred_binary/slic/2007_004189.png
2026-06-30 14:57:44,canny,2007_004190,0.004909,data/processed/images/val/2007_004190.jpg,results/pred_binary/canny/2007_004190.png
2026-06-30 14:57:45,meanshift,2007_004190,0.381564,data/processed/images/val/2007_004190.jpg,results/pred_binary/meanshift/2007_004190.png
2026-06-30 14:57:45,slic,2007_004190,0.265973,data/processed/images/val/2007_004190.jpg,results/pred_binary/slic/2007_004190.png
2026-06-30 14:57:45,canny,2007_004193,0.005212,data/processed/images/val/2007_004193.jpg,results/pred_binary/canny/2007_004193.png
2026-06-30 14:57:46,meanshift,2007_004193,1.020706,data/processed/images/val/2007_004193.jpg,results/pred_binary/meanshift/2007_004193.png
2026-06-30 14:57:46,slic,2007_004193,0.239813,data/processed/images/val/2007_004193.jpg,results/pred_binary/slic/2007_004193.png
2026-06-30 14:57:46,canny,2007_004241,0.005942,data/processed/images/val/2007_004241.jpg,results/pred_binary/canny/2007_004241.png
2026-06-30 14:57:47,meanshift,2007_004241,1.032073,data/processed/images/val/2007_004241.jpg,results/pred_binary/meanshift/2007_004241.png
2026-06-30 14:57:47,slic,2007_004241,0.235626,data/processed/images/val/2007_004241.jpg,results/pred_binary/slic/2007_004241.png
2026-06-30 14:57:47,canny,2007_004275,0.007019,data/processed/images/val/2007_004275.jpg,results/pred_binary/canny/2007_004275.png
2026-06-30 14:57:49,meanshift,2007_004275,1.248872,data/processed/images/val/2007_004275.jpg,results/pred_binary/meanshift/2007_004275.png
2026-06-30 14:57:49,slic,2007_004275,0.238033,data/processed/images/val/2007_004275.jpg,results/pred_binary/slic/2007_004275.png
2026-06-30 14:57:49,canny,2007_004281,0.006688,data/processed/images/val/2007_004281.jpg,results/pred_binary/canny/2007_004281.png
2026-06-30 14:57:51,meanshift,2007_004281,1.794830,data/processed/images/val/2007_004281.jpg,results/pred_binary/meanshift/2007_004281.png
2026-06-30 14:57:51,slic,2007_004281,0.252263,data/processed/images/val/2007_004281.jpg,results/pred_binary/slic/2007_004281.png
2026-06-30 14:57:51,canny,2007_004380,0.005485,data/processed/images/val/2007_004380.jpg,results/pred_binary/canny/2007_004380.png
2026-06-30 14:57:52,meanshift,2007_004380,1.056953,data/processed/images/val/2007_004380.jpg,results/pred_binary/meanshift/2007_004380.png
2026-06-30 14:57:52,slic,2007_004380,0.200409,data/processed/images/val/2007_004380.jpg,results/pred_binary/slic/2007_004380.png
2026-06-30 14:57:52,canny,2007_004392,0.005328,data/processed/images/val/2007_004392.jpg,results/pred_binary/canny/2007_004392.png
2026-06-30 14:57:53,meanshift,2007_004392,0.839346,data/processed/images/val/2007_004392.jpg,results/pred_binary/meanshift/2007_004392.png
2026-06-30 14:57:53,slic,2007_004392,0.245922,data/processed/images/val/2007_004392.jpg,results/pred_binary/slic/2007_004392.png
2026-06-30 14:57:53,canny,2007_004405,0.006622,data/processed/images/val/2007_004405.jpg,results/pred_binary/canny/2007_004405.png
2026-06-30 14:57:54,meanshift,2007_004405,1.005192,data/processed/images/val/2007_004405.jpg,results/pred_binary/meanshift/2007_004405.png
2026-06-30 14:57:55,slic,2007_004405,0.210095,data/processed/images/val/2007_004405.jpg,results/pred_binary/slic/2007_004405.png
2026-06-30 14:57:55,canny,2007_004468,0.003728,data/processed/images/val/2007_004468.jpg,results/pred_binary/canny/2007_004468.png
2026-06-30 14:57:55,meanshift,2007_004468,0.375952,data/processed/images/val/2007_004468.jpg,results/pred_binary/meanshift/2007_004468.png
2026-06-30 14:57:55,slic,2007_004468,0.097590,data/processed/images/val/2007_004468.jpg,results/pred_binary/slic/2007_004468.png
2026-06-30 14:57:55,canny,2007_004483,0.005786,data/processed/images/val/2007_004483.jpg,results/pred_binary/canny/2007_004483.png
2026-06-30 14:57:56,meanshift,2007_004483,1.199921,data/processed/images/val/2007_004483.jpg,results/pred_binary/meanshift/2007_004483.png
2026-06-30 14:57:56,slic,2007_004483,0.243609,data/processed/images/val/2007_004483.jpg,results/pred_binary/slic/2007_004483.png
2026-06-30 14:57:56,canny,2007_004510,0.004654,data/processed/images/val/2007_004510.jpg,results/pred_binary/canny/2007_004510.png
2026-06-30 14:57:57,meanshift,2007_004510,0.537400,data/processed/images/val/2007_004510.jpg,results/pred_binary/meanshift/2007_004510.png
2026-06-30 14:57:57,slic,2007_004510,0.252605,data/processed/images/val/2007_004510.jpg,results/pred_binary/slic/2007_004510.png
2026-06-30 14:57:57,canny,2007_004538,0.005322,data/processed/images/val/2007_004538.jpg,results/pred_binary/canny/2007_004538.png
2026-06-30 14:57:59,meanshift,2007_004538,1.256812,data/processed/images/val/2007_004538.jpg,results/pred_binary/meanshift/2007_004538.png
2026-06-30 14:57:59,slic,2007_004538,0.224019,data/processed/images/val/2007_004538.jpg,results/pred_binary/slic/2007_004538.png
2026-06-30 14:57:59,canny,2007_004558,0.006810,data/processed/images/val/2007_004558.jpg,results/pred_binary/canny/2007_004558.png
2026-06-30 14:58:01,meanshift,2007_004558,2.200192,data/processed/images/val/2007_004558.jpg,results/pred_binary/meanshift/2007_004558.png
2026-06-30 14:58:01,slic,2007_004558,0.223861,data/processed/images/val/2007_004558.jpg,results/pred_binary/slic/2007_004558.png
2026-06-30 14:58:01,canny,2007_004644,0.005097,data/processed/images/val/2007_004644.jpg,results/pred_binary/canny/2007_004644.png
2026-06-30 14:58:03,meanshift,2007_004644,1.566299,data/processed/images/val/2007_004644.jpg,results/pred_binary/meanshift/2007_004644.png
2026-06-30 14:58:03,slic,2007_004644,0.209840,data/processed/images/val/2007_004644.jpg,results/pred_binary/slic/2007_004644.png
2026-06-30 14:58:03,canny,2007_004649,0.004935,data/processed/images/val/2007_004649.jpg,results/pred_binary/canny/2007_004649.png
2026-06-30 14:58:04,meanshift,2007_004649,1.169022,data/processed/images/val/2007_004649.jpg,results/pred_binary/meanshift/2007_004649.png
2026-06-30 14:58:04,slic,2007_004649,0.212843,data/processed/images/val/2007_004649.jpg,results/pred_binary/slic/2007_004649.png
2026-06-30 14:58:04,canny,2007_004712,0.005547,data/processed/images/val/2007_004712.jpg,results/pred_binary/canny/2007_004712.png
2026-06-30 14:58:05,meanshift,2007_004712,0.741479,data/processed/images/val/2007_004712.jpg,results/pred_binary/meanshift/2007_004712.png
2026-06-30 14:58:05,slic,2007_004712,0.260005,data/processed/images/val/2007_004712.jpg,results/pred_binary/slic/2007_004712.png
2026-06-30 14:58:05,canny,2007_004722,0.005528,data/processed/images/val/2007_004722.jpg,results/pred_binary/canny/2007_004722.png
2026-06-30 14:58:07,meanshift,2007_004722,1.342439,data/processed/images/val/2007_004722.jpg,results/pred_binary/meanshift/2007_004722.png
2026-06-30 14:58:07,slic,2007_004722,0.245346,data/processed/images/val/2007_004722.jpg,results/pred_binary/slic/2007_004722.png
2026-06-30 14:58:07,canny,2007_004856,0.005658,data/processed/images/val/2007_004856.jpg,results/pred_binary/canny/2007_004856.png
2026-06-30 14:58:08,meanshift,2007_004856,0.875654,data/processed/images/val/2007_004856.jpg,results/pred_binary/meanshift/2007_004856.png
2026-06-30 14:58:08,slic,2007_004856,0.245344,data/processed/images/val/2007_004856.jpg,results/pred_binary/slic/2007_004856.png
2026-06-30 14:58:08,canny,2007_004866,0.004989,data/processed/images/val/2007_004866.jpg,results/pred_binary/canny/2007_004866.png
2026-06-30 14:58:09,meanshift,2007_004866,0.429732,data/processed/images/val/2007_004866.jpg,results/pred_binary/meanshift/2007_004866.png
2026-06-30 14:58:09,slic,2007_004866,0.248523,data/processed/images/val/2007_004866.jpg,results/pred_binary/slic/2007_004866.png
2026-06-30 14:58:09,canny,2007_004902,0.005506,data/processed/images/val/2007_004902.jpg,results/pred_binary/canny/2007_004902.png
2026-06-30 14:58:10,meanshift,2007_004902,0.752430,data/processed/images/val/2007_004902.jpg,results/pred_binary/meanshift/2007_004902.png
2026-06-30 14:58:10,slic,2007_004902,0.256197,data/processed/images/val/2007_004902.jpg,results/pred_binary/slic/2007_004902.png
2026-06-30 14:58:10,canny,2007_004969,0.005200,data/processed/images/val/2007_004969.jpg,results/pred_binary/canny/2007_004969.png
2026-06-30 14:58:10,meanshift,2007_004969,0.472855,data/processed/images/val/2007_004969.jpg,results/pred_binary/meanshift/2007_004969.png
2026-06-30 14:58:11,slic,2007_004969,0.249403,data/processed/images/val/2007_004969.jpg,results/pred_binary/slic/2007_004969.png
2026-06-30 14:58:11,canny,2007_005058,0.004441,data/processed/images/val/2007_005058.jpg,results/pred_binary/canny/2007_005058.png
2026-06-30 14:58:12,meanshift,2007_005058,1.094037,data/processed/images/val/2007_005058.jpg,results/pred_binary/meanshift/2007_005058.png
2026-06-30 14:58:12,slic,2007_005058,0.256020,data/processed/images/val/2007_005058.jpg,results/pred_binary/slic/2007_005058.png
2026-06-30 14:58:12,canny,2007_005074,0.005278,data/processed/images/val/2007_005074.jpg,results/pred_binary/canny/2007_005074.png
2026-06-30 14:58:13,meanshift,2007_005074,0.871778,data/processed/images/val/2007_005074.jpg,results/pred_binary/meanshift/2007_005074.png
2026-06-30 14:58:13,slic,2007_005074,0.205621,data/processed/images/val/2007_005074.jpg,results/pred_binary/slic/2007_005074.png
2026-06-30 14:58:13,canny,2007_005107,0.005569,data/processed/images/val/2007_005107.jpg,results/pred_binary/canny/2007_005107.png
2026-06-30 14:58:14,meanshift,2007_005107,1.228756,data/processed/images/val/2007_005107.jpg,results/pred_binary/meanshift/2007_005107.png
2026-06-30 14:58:15,slic,2007_005107,0.260841,data/processed/images/val/2007_005107.jpg,results/pred_binary/slic/2007_005107.png
2026-06-30 14:58:15,canny,2007_005114,0.006104,data/processed/images/val/2007_005114.jpg,results/pred_binary/canny/2007_005114.png
2026-06-30 14:58:15,meanshift,2007_005114,0.725500,data/processed/images/val/2007_005114.jpg,results/pred_binary/meanshift/2007_005114.png
2026-06-30 14:58:16,slic,2007_005114,0.208433,data/processed/images/val/2007_005114.jpg,results/pred_binary/slic/2007_005114.png
2026-06-30 14:58:16,canny,2007_005149,0.005853,data/processed/images/val/2007_005149.jpg,results/pred_binary/canny/2007_005149.png
2026-06-30 14:58:16,meanshift,2007_005149,0.453952,data/processed/images/val/2007_005149.jpg,results/pred_binary/meanshift/2007_005149.png
2026-06-30 14:58:16,slic,2007_005149,0.229591,data/processed/images/val/2007_005149.jpg,results/pred_binary/slic/2007_005149.png
2026-06-30 14:58:16,canny,2007_005173,0.004536,data/processed/images/val/2007_005173.jpg,results/pred_binary/canny/2007_005173.png
2026-06-30 14:58:17,meanshift,2007_005173,1.113514,data/processed/images/val/2007_005173.jpg,results/pred_binary/meanshift/2007_005173.png
2026-06-30 14:58:18,slic,2007_005173,0.174333,data/processed/images/val/2007_005173.jpg,results/pred_binary/slic/2007_005173.png
2026-06-30 14:58:18,canny,2007_005281,0.004700,data/processed/images/val/2007_005281.jpg,results/pred_binary/canny/2007_005281.png
2026-06-30 14:58:18,meanshift,2007_005281,0.489442,data/processed/images/val/2007_005281.jpg,results/pred_binary/meanshift/2007_005281.png
2026-06-30 14:58:18,slic,2007_005281,0.217265,data/processed/images/val/2007_005281.jpg,results/pred_binary/slic/2007_005281.png
2026-06-30 14:58:18,canny,2007_005294,0.005867,data/processed/images/val/2007_005294.jpg,results/pred_binary/canny/2007_005294.png
2026-06-30 14:58:20,meanshift,2007_005294,1.631412,data/processed/images/val/2007_005294.jpg,results/pred_binary/meanshift/2007_005294.png
2026-06-30 14:58:20,slic,2007_005294,0.240446,data/processed/images/val/2007_005294.jpg,results/pred_binary/slic/2007_005294.png
2026-06-30 14:58:20,canny,2007_005296,0.005185,data/processed/images/val/2007_005296.jpg,results/pred_binary/canny/2007_005296.png
2026-06-30 14:58:21,meanshift,2007_005296,0.543223,data/processed/images/val/2007_005296.jpg,results/pred_binary/meanshift/2007_005296.png
2026-06-30 14:58:21,slic,2007_005296,0.252439,data/processed/images/val/2007_005296.jpg,results/pred_binary/slic/2007_005296.png
2026-06-30 14:58:21,canny,2007_005304,0.005287,data/processed/images/val/2007_005304.jpg,results/pred_binary/canny/2007_005304.png
2026-06-30 14:58:22,meanshift,2007_005304,0.578052,data/processed/images/val/2007_005304.jpg,results/pred_binary/meanshift/2007_005304.png
2026-06-30 14:58:22,slic,2007_005304,0.290787,data/processed/images/val/2007_005304.jpg,results/pred_binary/slic/2007_005304.png
2026-06-30 14:58:22,canny,2007_005331,0.005396,data/processed/images/val/2007_005331.jpg,results/pred_binary/canny/2007_005331.png
2026-06-30 14:58:23,meanshift,2007_005331,0.932732,data/processed/images/val/2007_005331.jpg,results/pred_binary/meanshift/2007_005331.png
2026-06-30 14:58:23,slic,2007_005331,0.185187,data/processed/images/val/2007_005331.jpg,results/pred_binary/slic/2007_005331.png
2026-06-30 14:58:23,canny,2007_005354,0.012429,data/processed/images/val/2007_005354.jpg,results/pred_binary/canny/2007_005354.png
2026-06-30 14:58:24,meanshift,2007_005354,1.318087,data/processed/images/val/2007_005354.jpg,results/pred_binary/meanshift/2007_005354.png
2026-06-30 14:58:25,slic,2007_005354,0.245313,data/processed/images/val/2007_005354.jpg,results/pred_binary/slic/2007_005354.png
2026-06-30 14:58:25,canny,2007_005358,0.005389,data/processed/images/val/2007_005358.jpg,results/pred_binary/canny/2007_005358.png
2026-06-30 14:58:26,meanshift,2007_005358,0.964151,data/processed/images/val/2007_005358.jpg,results/pred_binary/meanshift/2007_005358.png
2026-06-30 14:58:26,slic,2007_005358,0.297712,data/processed/images/val/2007_005358.jpg,results/pred_binary/slic/2007_005358.png
2026-06-30 14:58:26,canny,2007_005428,0.008482,data/processed/images/val/2007_005428.jpg,results/pred_binary/canny/2007_005428.png
2026-06-30 14:58:27,meanshift,2007_005428,1.269092,data/processed/images/val/2007_005428.jpg,results/pred_binary/meanshift/2007_005428.png
2026-06-30 14:58:28,slic,2007_005428,0.365880,data/processed/images/val/2007_005428.jpg,results/pred_binary/slic/2007_005428.png
2026-06-30 14:58:28,canny,2007_005460,0.007734,data/processed/images/val/2007_005460.jpg,results/pred_binary/canny/2007_005460.png
2026-06-30 14:58:29,meanshift,2007_005460,1.550971,data/processed/images/val/2007_005460.jpg,results/pred_binary/meanshift/2007_005460.png
2026-06-30 14:58:29,slic,2007_005460,0.286314,data/processed/images/val/2007_005460.jpg,results/pred_binary/slic/2007_005460.png
2026-06-30 14:58:29,canny,2007_005469,0.005414,data/processed/images/val/2007_005469.jpg,results/pred_binary/canny/2007_005469.png
2026-06-30 14:58:31,meanshift,2007_005469,1.176964,data/processed/images/val/2007_005469.jpg,results/pred_binary/meanshift/2007_005469.png
2026-06-30 14:58:31,slic,2007_005469,0.214356,data/processed/images/val/2007_005469.jpg,results/pred_binary/slic/2007_005469.png
2026-06-30 14:58:31,canny,2007_005509,0.005868,data/processed/images/val/2007_005509.jpg,results/pred_binary/canny/2007_005509.png
2026-06-30 14:58:31,meanshift,2007_005509,0.457969,data/processed/images/val/2007_005509.jpg,results/pred_binary/meanshift/2007_005509.png
2026-06-30 14:58:31,slic,2007_005509,0.203869,data/processed/images/val/2007_005509.jpg,results/pred_binary/slic/2007_005509.png
2026-06-30 14:58:31,canny,2007_005547,0.005259,data/processed/images/val/2007_005547.jpg,results/pred_binary/canny/2007_005547.png
2026-06-30 14:58:33,meanshift,2007_005547,1.117348,data/processed/images/val/2007_005547.jpg,results/pred_binary/meanshift/2007_005547.png
2026-06-30 14:58:33,slic,2007_005547,0.235643,data/processed/images/val/2007_005547.jpg,results/pred_binary/slic/2007_005547.png
2026-06-30 14:58:33,canny,2007_005600,0.005106,data/processed/images/val/2007_005600.jpg,results/pred_binary/canny/2007_005600.png
2026-06-30 14:58:33,meanshift,2007_005600,0.480106,data/processed/images/val/2007_005600.jpg,results/pred_binary/meanshift/2007_005600.png
2026-06-30 14:58:34,slic,2007_005600,0.209616,data/processed/images/val/2007_005600.jpg,results/pred_binary/slic/2007_005600.png
2026-06-30 14:58:34,canny,2007_005608,0.006981,data/processed/images/val/2007_005608.jpg,results/pred_binary/canny/2007_005608.png
2026-06-30 14:58:35,meanshift,2007_005608,1.879143,data/processed/images/val/2007_005608.jpg,results/pred_binary/meanshift/2007_005608.png
2026-06-30 14:58:36,slic,2007_005608,0.239564,data/processed/images/val/2007_005608.jpg,results/pred_binary/slic/2007_005608.png
2026-06-30 14:58:36,canny,2007_005626,0.004721,data/processed/images/val/2007_005626.jpg,results/pred_binary/canny/2007_005626.png
2026-06-30 14:58:37,meanshift,2007_005626,0.945208,data/processed/images/val/2007_005626.jpg,results/pred_binary/meanshift/2007_005626.png
2026-06-30 14:58:37,slic,2007_005626,0.216535,data/processed/images/val/2007_005626.jpg,results/pred_binary/slic/2007_005626.png
2026-06-30 14:58:37,canny,2007_005689,0.005122,data/processed/images/val/2007_005689.jpg,results/pred_binary/canny/2007_005689.png
2026-06-30 14:58:38,meanshift,2007_005689,1.209611,data/processed/images/val/2007_005689.jpg,results/pred_binary/meanshift/2007_005689.png
2026-06-30 14:58:38,slic,2007_005689,0.239503,data/processed/images/val/2007_005689.jpg,results/pred_binary/slic/2007_005689.png
2026-06-30 14:58:38,canny,2007_005696,0.005720,data/processed/images/val/2007_005696.jpg,results/pred_binary/canny/2007_005696.png
2026-06-30 14:58:39,meanshift,2007_005696,0.471118,data/processed/images/val/2007_005696.jpg,results/pred_binary/meanshift/2007_005696.png
2026-06-30 14:58:39,slic,2007_005696,0.215363,data/processed/images/val/2007_005696.jpg,results/pred_binary/slic/2007_005696.png
2026-06-30 14:58:39,canny,2007_005705,0.004252,data/processed/images/val/2007_005705.jpg,results/pred_binary/canny/2007_005705.png
2026-06-30 14:58:39,meanshift,2007_005705,0.262447,data/processed/images/val/2007_005705.jpg,results/pred_binary/meanshift/2007_005705.png
2026-06-30 14:58:40,slic,2007_005705,0.273415,data/processed/images/val/2007_005705.jpg,results/pred_binary/slic/2007_005705.png
2026-06-30 14:58:40,canny,2007_005759,0.005828,data/processed/images/val/2007_005759.jpg,results/pred_binary/canny/2007_005759.png
2026-06-30 14:58:40,meanshift,2007_005759,0.694909,data/processed/images/val/2007_005759.jpg,results/pred_binary/meanshift/2007_005759.png
2026-06-30 14:58:41,slic,2007_005759,0.250086,data/processed/images/val/2007_005759.jpg,results/pred_binary/slic/2007_005759.png
2026-06-30 14:58:41,canny,2007_005803,0.005420,data/processed/images/val/2007_005803.jpg,results/pred_binary/canny/2007_005803.png
2026-06-30 14:58:41,meanshift,2007_005803,0.446539,data/processed/images/val/2007_005803.jpg,results/pred_binary/meanshift/2007_005803.png
2026-06-30 14:58:41,slic,2007_005803,0.249854,data/processed/images/val/2007_005803.jpg,results/pred_binary/slic/2007_005803.png
2026-06-30 14:58:41,canny,2007_005813,0.006366,data/processed/images/val/2007_005813.jpg,results/pred_binary/canny/2007_005813.png
2026-06-30 14:58:42,meanshift,2007_005813,1.124333,data/processed/images/val/2007_005813.jpg,results/pred_binary/meanshift/2007_005813.png
2026-06-30 14:58:43,slic,2007_005813,0.211525,data/processed/images/val/2007_005813.jpg,results/pred_binary/slic/2007_005813.png
2026-06-30 14:58:43,canny,2007_005828,0.003944,data/processed/images/val/2007_005828.jpg,results/pred_binary/canny/2007_005828.png
2026-06-30 14:58:43,meanshift,2007_005828,0.369412,data/processed/images/val/2007_005828.jpg,results/pred_binary/meanshift/2007_005828.png
2026-06-30 14:58:43,slic,2007_005828,0.183018,data/processed/images/val/2007_005828.jpg,results/pred_binary/slic/2007_005828.png
2026-06-30 14:58:43,canny,2007_005844,0.004972,data/processed/images/val/2007_005844.jpg,results/pred_binary/canny/2007_005844.png
2026-06-30 14:58:44,meanshift,2007_005844,0.790683,data/processed/images/val/2007_005844.jpg,results/pred_binary/meanshift/2007_005844.png
2026-06-30 14:58:44,slic,2007_005844,0.248812,data/processed/images/val/2007_005844.jpg,results/pred_binary/slic/2007_005844.png
2026-06-30 14:58:44,canny,2007_005845,0.005877,data/processed/images/val/2007_005845.jpg,results/pred_binary/canny/2007_005845.png
2026-06-30 14:58:46,meanshift,2007_005845,1.541340,data/processed/images/val/2007_005845.jpg,results/pred_binary/meanshift/2007_005845.png
2026-06-30 14:58:46,slic,2007_005845,0.227209,data/processed/images/val/2007_005845.jpg,results/pred_binary/slic/2007_005845.png
2026-06-30 14:58:46,canny,2007_005857,0.005518,data/processed/images/val/2007_005857.jpg,results/pred_binary/canny/2007_005857.png
2026-06-30 14:58:47,meanshift,2007_005857,0.657402,data/processed/images/val/2007_005857.jpg,results/pred_binary/meanshift/2007_005857.png
2026-06-30 14:58:47,slic,2007_005857,0.258876,data/processed/images/val/2007_005857.jpg,results/pred_binary/slic/2007_005857.png
2026-06-30 14:58:47,canny,2007_005911,0.004873,data/processed/images/val/2007_005911.jpg,results/pred_binary/canny/2007_005911.png
2026-06-30 14:58:48,meanshift,2007_005911,0.618338,data/processed/images/val/2007_005911.jpg,results/pred_binary/meanshift/2007_005911.png
2026-06-30 14:58:48,slic,2007_005911,0.252158,data/processed/images/val/2007_005911.jpg,results/pred_binary/slic/2007_005911.png
2026-06-30 14:58:48,canny,2007_005915,0.005843,data/processed/images/val/2007_005915.jpg,results/pred_binary/canny/2007_005915.png
2026-06-30 14:58:49,meanshift,2007_005915,0.918679,data/processed/images/val/2007_005915.jpg,results/pred_binary/meanshift/2007_005915.png
2026-06-30 14:58:49,slic,2007_005915,0.254866,data/processed/images/val/2007_005915.jpg,results/pred_binary/slic/2007_005915.png
2026-06-30 14:58:49,canny,2007_005978,0.003895,data/processed/images/val/2007_005978.jpg,results/pred_binary/canny/2007_005978.png
2026-06-30 14:58:50,meanshift,2007_005978,0.532172,data/processed/images/val/2007_005978.jpg,results/pred_binary/meanshift/2007_005978.png
2026-06-30 14:58:50,slic,2007_005978,0.178991,data/processed/images/val/2007_005978.jpg,results/pred_binary/slic/2007_005978.png
2026-06-30 14:58:50,canny,2007_006028,0.005382,data/processed/images/val/2007_006028.jpg,results/pred_binary/canny/2007_006028.png
2026-06-30 14:58:51,meanshift,2007_006028,0.826547,data/processed/images/val/2007_006028.jpg,results/pred_binary/meanshift/2007_006028.png
2026-06-30 14:58:51,slic,2007_006028,0.253916,data/processed/images/val/2007_006028.jpg,results/pred_binary/slic/2007_006028.png
2026-06-30 14:58:51,canny,2007_006035,0.004847,data/processed/images/val/2007_006035.jpg,results/pred_binary/canny/2007_006035.png
2026-06-30 14:58:52,meanshift,2007_006035,0.839334,data/processed/images/val/2007_006035.jpg,results/pred_binary/meanshift/2007_006035.png
2026-06-30 14:58:52,slic,2007_006035,0.165129,data/processed/images/val/2007_006035.jpg,results/pred_binary/slic/2007_006035.png
2026-06-30 14:58:52,canny,2007_006046,0.004145,data/processed/images/val/2007_006046.jpg,results/pred_binary/canny/2007_006046.png
2026-06-30 14:58:52,meanshift,2007_006046,0.373142,data/processed/images/val/2007_006046.jpg,results/pred_binary/meanshift/2007_006046.png
2026-06-30 14:58:52,slic,2007_006046,0.207610,data/processed/images/val/2007_006046.jpg,results/pred_binary/slic/2007_006046.png
2026-06-30 14:58:52,canny,2007_006076,0.006665,data/processed/images/val/2007_006076.jpg,results/pred_binary/canny/2007_006076.png
2026-06-30 14:58:54,meanshift,2007_006076,1.378070,data/processed/images/val/2007_006076.jpg,results/pred_binary/meanshift/2007_006076.png
2026-06-30 14:58:54,slic,2007_006076,0.248486,data/processed/images/val/2007_006076.jpg,results/pred_binary/slic/2007_006076.png
2026-06-30 14:58:54,canny,2007_006086,0.007067,data/processed/images/val/2007_006086.jpg,results/pred_binary/canny/2007_006086.png
2026-06-30 14:58:56,meanshift,2007_006086,1.801407,data/processed/images/val/2007_006086.jpg,results/pred_binary/meanshift/2007_006086.png
2026-06-30 14:58:56,slic,2007_006086,0.350838,data/processed/images/val/2007_006086.jpg,results/pred_binary/slic/2007_006086.png
